{
  "name": "cactividadprofesional",
  "runtime": "nodejs4.3",
  "description": "Serverless Lambda function for project: latasa",
  "customName": false,
  "customRole": false,
  "handler": "handler.handler",
  "timeout": 30,
  "memorySize": 1024,
  "authorizer": {},
  "custom": {
    "excludePatterns": []
  },
  "endpoints": [
    {
      "path": "cactividadprofesional",
      "method": "GET",
      "type": "AWS",
      "authorizationType": "AWS_IAM",
      "authorizerFunction": false,
      "apiKeyRequired": false,
      "requestParameters": {},
      "requestTemplates": {
        "application/json": ""
      },
      "responses": {
        "400": {
          "statusCode": "400"
        },
        "default": {
          "statusCode": "200",
          "responseParameters": {
            "method.response.header.Access-Control-Allow-Headers": "'Content-Type,X-Amz-Date,Authorization,X-Api-Key,Cache-Control'",
            "method.response.header.Access-Control-Allow-Methods": "'*'",
            "method.response.header.Access-Control-Allow-Origin": "'*'"
          },
          "responseModels": {
            "application/json;charset=UTF-8": "Empty"
          },
          "responseTemplates": {
            "application/json;charset=UTF-8": ""
          }
        }
      }
    }
  ],
  "events": [],
  "environment": {
    "SERVERLESS_PROJECT": "${project}",
    "SERVERLESS_STAGE": "${stage}",
    "SERVERLESS_REGION": "${region}"
  },
  "vpc": {
    "securityGroupIds": [],
    "subnetIds": []
  }
}